Sample,Type,Year,Template quantity (ng),A260/280,A260/230,PCR_cycle_no_P8P2,PCR_cycle_no_voEP,Sex1_P8P2,Sex2_P8P2,Sex3_P8P2,Sex1_voEP,Sex2_voEP,Sex3_voEP,Assigned_sex_P8P2,Assigned_sex_voEP,Notes
23EP_041a,Feather,2023,135.39,0.56,0.76,PCR1: 40; PCR2: 38,PCR1: 38,F,F,NR,F,NR,NR,F,F,
23EP_041b,Feather,2023,231.64,0.76,0.86,PCR1: 40; PCR2: 38,PCR1: 38,F,F,NR,F,NR,NR,F,F,
23EP_041c,Feather,2023,159.43,0.48,0.75,PCR1: 40; PCR2: 38,PCR1: 38,F,F,NR,F,NR,NR,F,F,
23EP_041d,Feather,2023,154.39,0.52,0.7,PCR1: 40; PCR2: 38,PCR1: 38,F,F,NR,F,NR,NR,F,F,
23EP_041e,Feather,2023,123.92,0.49,0.61,PCR1: 40; PCR2: 38,PCR1: 38,M,M,NR,M,NR,NR,M,M,
23EP_041f,Feather,2023,255.31,0.73,0.85,PCR1: 40; PCR2: 38,PCR1: 38,F,F,NR,F,NR,NR,F,F,
23EP_041g,Feather,2023,152.3,0.49,0.72,PCR1: 40; PCR2: 38,PCR1: 38,F,F,NR,F,NR,NR,F,F,
23EP_041h,Feather,2023,272.27,0.8,0.98,PCR1: 40; PCR2: 38,PCR1: 38,M,M,NR,M,NR,NR,M,M,
23EP_042a,Feather,2023,150.5,0.72,1.7,PCR1: 40; PCR2: 38,PCR1: 38,M,M,NR,M,NR,NR,M,M,
23EP_042b,Feather,2023,270.57,0.95,2.3,PCR1: 40; PCR2: 38,PCR1: 38,M,M,NR,M,NR,NR,M,M,
GM4b ,Feather,2022,268.23,0.53,0.44,PCR1: 40,PCR1: 38,F,NR,NR,F,NR,NR,F,F,
GM27b,Feather,2022,341.92,0.58,0.49,PCR1: 40,PCR1: 38,F,NR,NR,F,NR,NR,F,F,
22Spot30,Feather,2022,283.81,0.55,0.41,PCR1: 40,PCR1: 38,F,NR,NR,F,NR,NR,F,F,
22spot32,Feather,2022,336.45,0.54,0.48,PCR1: 40,PCR1: 38,F,NR,NR,F,NR,NR,F,F,
22Splash60,Feather,2022,318.96,0.53,0.46,PCR1: 40,PCR1: 38,F,NR,NR,F,NR,NR,F,F,
22Splash61,Feather,2022,317.72,0.57,0.43,PCR1: 40,PCR1: 38,F,NR,NR,F,NR,NR,F,F,
23EP_040a,Feather,2023,245.95,0.8,0.65,PCR1: 40,PCR1: 38,M,NR,NR,M,NR,NR,M,M,
23EP_040b,Feather,2023,279.47,0.6,0.39,PCR1: 40,PCR1: 38,F,NR,NR,F,NR,NR,F,F,
23EP_040c,Feather,2023,298.66,0.58,0.43,PCR1: 40,PCR1: 38,M,NR,NR,M,NR,NR,M,M,
23EP_040d,Feather,2023,348.35,0.63,0.49,PCR1: 40,PCR1: 38,M,NR,NR,M,NR,NR,M,M,
22GM3,Feather,2022,248.03,0.51,0.4,PCR1: 40; PCR2:40 ,PCR1: 40; PCR2: 40,F,F,NR,F,F,NR,F,F,
22GM4,Feather,2022,245.6,0.5,0.43,PCR1: 40; PCR2:40 ,PCR1: 40; PCR2: 40,F,F,NR,F,F,NR,F,F,
22GM6,Feather,2022,280.71,0.54,0.45,PCR1: 40; PCR2:40,PCR1: 40; PCR2: 40,M,M,NR,M,M,NR,M,M,
22GM8,Feather,2022,251.25,0.53,0.39,PCR1: 40; PCR2:40,PCR1: 40; PCR2: 40,F,F,NR,F,F,NR,F,F,
22GM14,Feather,2022,260.62,0.5,0.42,PCR1: 40; PCR2:40,PCR1: 40; PCR2: 40,F,F?,NR,F,F,NR,F,F,
22GM22,Feather,2022,307.99,0.5,0.46,PCR1: 40; PCR2:40,PCR1: 40; PCR2: 40,F,F,NR,F,F,NR,F,F,
22GM27,Feather,2022,299.6,0.52,0.44,PCR1: 40; PCR2:40,PCR1: 40; PCR2: 40,M,M,NR,M,M,NR,M,M,
22GM28,Feather,2022,284.64,0.53,0.41,PCR1: 40; PCR2:40,PCR1: 40; PCR2: 40,M,M?,NR,M,M,NR,M,M,
22Spot28,Feather,2022,302.95,0.52,0.43,PCR1: 40; PCR2:40,PCR1: 40; PCR2: 40,M,M,NR,M,M,NR,M,M,
22Spot29,Feather,2022,267.01,0.5,0.42,PCR1: 40; PCR2:40,PCR1: 40; PCR2: 40,M,M,NR,M,M,NR,M,M,
22GM1,Feather,2022,280.33,0.58,0.42,PCR1: 40; PCR2:40 ,PCR1: 38,F,F,NR,F,NR,NR,F,F,
22GM5,Feather,2022,261.54,0.52,0.42,PCR1: 40; PCR2:40 ,PCR1: 38,F,F,NR,F,NR,NR,F,F,
22GM9,Feather,2022,290.59,0.52,0.43,PCR1: 40; PCR2:40,PCR1: 38,M?,M,NR,M,NR,NR,M,M,
22GM15,Feather,2022,284,0.55,0.42,PCR1: 40; PCR2:40,PCR1: 38,F?,F,NR,F,NR,NR,F,F,
22GM17,Feather,2022,285.61,0.53,0.43,PCR1: 40; PCR2:40,PCR1: 38,F,F,NR,F,NR,NR,F,F,
22GM19,Feather,2022,285.54,0.52,0.45,PCR1: 40; PCR2:40,PCR1: 38,F,F,NR,F,NR,NR,F,F,
22GM20,Feather,2022,290.28,0.53,0.45,PCR1: 40; PCR2:40,PCR1: 38,M,M,NR,M,NR,NR,M,M,
22GM21,Feather,2022,295.55,0.52,0.48,PCR1: 40; PCR2:40,PCR1: 38,M?,F,NR,F,NR,NR,F,F,
22GM23,Feather,2022,250.92,0.53,0.41,PCR1: 40; PCR2:40,PCR1: 38,M,M,NR,M,NR,NR,M,M,
22GM24,Feather,2022,348.13,0.7,0.49,PCR1: 40; PCR2:40,PCR1: 38,F,F,NR,F,NR,NR,F,F,
23EP_042c,Feather,2023,180.68,0.83,1.79,PCR1: 40,PCR1: 38,F,NR,NR,F,NR,NR,F,F,
23EP_042d,Feather,2023,248.12,0.9,2.03,PCR1: 40,PCR1: 38,M,NR,NR,M,NR,NR,M,M,
23EP_043a,Feather,2023,223.53,0.89,1.64,PCR1: 40,PCR1: 38,M,NR,NR,M,NR,NR,M,M,
23EP_043b,Feather,2023,248.47,0.97,2.13,PCR1: 40,PCR1: 38,F,NR,NR,F,NR,NR,F,F,
23EP_043c,Feather,2023,239.56,0.8,2.14,PCR1: 40,PCR1: 38,M,NR,NR,M,NR,NR,M,M,
23EP_043d,Feather,2023,170.74,0.9,1.45,PCR1: 40,PCR1: 38,F,NR,NR,F,NR,NR,F,F,
23EP_043e,Feather,2023,164.88,0.75,2.06,PCR1: 40,PCR1: 38,M,NR,NR,M,NR,NR,M,M,
23EP_043f,Feather,2023,260.26,0.82,2.15,PCR1: 40,PCR1: 38,M,NR,NR,M,NR,NR,M,M,
23EP_043h,Feather,2023,261.37,0.78,2.09,PCR1: 40,PCR1: 38,M,NR,NR,M,NR,NR,M,M,
23EP_044a,Feather,2023,226.45,0.7,2.03,PCR1: 40,PCR1: 38,F,NR,NR,F,NR,NR,F,F,
23EP_044b,Feather,2023,302.43,0.79,2.31,PCR1: 40,PCR1: 38; PCR2: 38,M,NR,NR,M,M,NR,M,M,
23EP_044c,Feather,2023,314.57,0.81,2.49,PCR1: 40,PCR1: 38; PCR2: 38,M,NR,NR,M,M,NR,M,M,
23EP_044d,Feather,2023,121.69,0.79,6.13,PCR1: 40,PCR1: 38; PCR2: 38,F,NR,NR,F,F,NR,F,F,
23EP_044e,Feather,2023,150.86,0.53,1.9,PCR1: 40,PCR1: 38; PCR2: 38,M,NR,NR,M,M,NR,M,M,
23EP_044f,Feather,2023,139.84,0.5,2.07,PCR1: 40,PCR1: 38; PCR2: 38,M,NR,NR,M,M,NR,M,M,
23EP_045a,Feather,2023,215.02,0.7,2.5,PCR1: 40,PCR1: 38; PCR2: 38,F,NR,NR,F,F,NR,F,F,
23EP_045b,Feather,2023,247.46,0.81,2.03,PCR1: 40,PCR1: 38; PCR2: 38,M,NR,NR,M,M,NR,M,M,
23EP_045c,Feather,2023,274.11,0.75,2.28,PCR1: 40,PCR1: 38; PCR2: 38,M,NR,NR,M,M,NR,M,M,
23EP_045d,Feather,2023,332.09,0.84,0.46,PCR1: 40,PCR1: 38; PCR2: 38; PCR3: 38,F,NR,NR,F,F,F,F,F,
22Spot31,Feather,2022,246.01,0.56,0.36,PCR1: 40,PCR1: 35; PCR2: 38,F,NR,NR,F,F,NR,F,F,
23EP_043g,Feather,2023,194.6,2.07,2.09,PCR1: 35; PCR2: 40; PCR3: 40,PCR1: 35; PCR2: 35; PCR3: 38,F,F,F,F,F,F,F,F,
22EP2,Feather,2022,2.9,5.73,0.53,PCR1: 35; PCR2: 40; PCR3: 40,PCR1: 35; PCR2: 38,F,F,F,F,F,NR,F,F,
22GM2,Feather,2022,2.5,8.72,0.66,PCR1: 35; PCR2: 40; PCR3: 40,PCR1: 38,F,F,F,F,NR,NR,F,F,
22GM12,Feather,2022,24.6,2.17,1.38,PCR1: 40; PCR2: 40,"PCR1: 35, PCR2:35; PCR3: 38",M,M,NR,M,M,M,M,M,
22GM16,Feather,2022,2.9,2.53,0.33,PCR1: 35; PCR2: 40; PCR3: 40,PCR1: 38,M?,M,M,NR,M,NR,M,M,
24EP_305a,Feather,2024,305,0.56,0.44,PCR1: 36; PCR2: 35,PCR1: 40; PCR2: 38; PCR3: 35,M,M,NR,M,M,M,M,M,
24EP_305b,Feather,2024,324.26,0.56,0.46,PCR1: 36; PCR2: 35,PCR1: 40; PCR2: 38; PCR3: 35,F,F,NR,F,F,F,F,F,
24EP_305c,Feather,2024,307.06,0.56,0.44,PCR1: 36; PCR2: 35,PCR1: 40; PCR2: 38; PCR3: 35,NA,M,NR,M,M,M,M,M,
24EP_306a,Feather,2024,239.67,0.53,0.42,PCR1: 36; PCR2: 35,PCR1: 40; PCR2: 38; PCR3: 35,M?,M,NR,M,M,M,M,M,
24EP_306b,Feather,2024,264.5,0.54,0.4,PCR1: 36; PCR2: 35,PCR1: 40; PCR2: 38; PCR3: 35,M,M,NR,M,M,M,M,M,
24EP_306c,Feather,2024,308.88,0.56,0.45,PCR1: 36; PCR2: 35,PCR1: 40; PCR2: 38; PCR3: 35,F,F,NR,F,F,F,F,F,
24EP_306d,Feather,2024,252.37,0.53,0.42,PCR1: 36; PCR2: 35,PCR1: 40; PCR2: 38; PCR3: 35,F,F,NR,F,F,F,F,F,
24EP_306e,Feather,2024,264.25,0.54,0.43,PCR1: 36; PCR2: 35,PCR1: 40; PCR2: 38; PCR3: 35,NA,F,NR,F,F,F,F,F,
24EP_308b,Feather,2024,288.02,0.56,0.42,PCR1: 35,PCR1: 40; PCR2: 38; PCR3: 35,M,NR,NR,M,M,M,M,M,
24EP_308c,Feather,2024,287.54,0.55,0.41,PCR1: 35,PCR1: 40; PCR2: 38; PCR3: 35,F,NR,NR,F,F,F,F,F,
24EP_309b,Feather,2024,285.81,0.54,0.42,PCR1: 35,PCR1: 40; PCR2: 38; PCR3: 35,F,NR,NR,F,F,F,F,F,
24EP_309d,Feather,2024,261.35,0.55,0.41,PCR1: 35,PCR1: 40; PCR2: 38; PCR3: 35,F,NR,NR,F,F,F,F,F,
24EP_310a,Feather,2024,269.57,0.55,0.4,PCR1: 35,PCR1: 40; PCR2: 38; PCR3: 35,F,NR,NR,F,F,F,F,F,
EP24-0,Feather,2024,378.56,0.58,0.54,PCR1: 35,PCR1: 40; PCR2: 38; PCR3: 35,F,NR,NR,F,F,F,F,F,
EP24-3,Feather,2024,346.25,0.54,0.49,PCR1: 35,PCR1: 40; PCR2: 38; PCR3: 35,F,NR,NR,F,F,F,F,F,
EP24-5,Feather,2024,287.46,0.56,0.4,PCR1: 35,PCR1: 40; PCR2: 38; PCR3: 35,M,NR,NR,M,M,M,M,M,
EP24-6,Feather,2024,316.28,0.56,0.44,PCR1: 35,PCR1: 40; PCR2: 38; PCR3: 35,F,NR,NR,F,F,F,F,F,
EP24-7,Feather,2024,354.21,0.56,0.48,PCR1: 35,PCR1: 40; PCR2: 38; PCR3: 35,M,NR,NR,M,M,M,M,M,
24EP_307a,Feather,2024,2.29,1.91,0.25,PCR1: 36; PCR2: 40,PCR1: 40; PCR2: 40; PCR3: 35,NA,NA,NR,NA,F,NA,NA,F,
24EP_307b,Feather,2024,2.33,1.78,0.37,PCR1: 36; PCR2: 40,PCR1: 40; PCR2: 40; PCR3: 35,NA,M,NR,NA,M,NA,M,M,
24EP_307c,Feather,2024,2.15,2.36,0.34,PCR1: 40,PCR1: 40; PCR2: 40; PCR3: 35,NA,NR,NR,NA,F,NA,NA,F,
24EP_307d,Feather,2024,2.42,1.98,0.33,PCR1: 40,PCR1: 40; PCR2: 40; PCR3: 35,F,NR,NR,NA,F,NA,F,F,
24EP_308a,Feather,2024,3.32,1.19,0.38,PCR1: 40,PCR1: 40; PCR2: 40; PCR3: 35,M,NR,NR,NA,F,NA,M,F,"May be contaminated with 309a as I accidentally capped the DNA extract with 309a lid. So, it may actually be male. "
24EP_309a,Feather,2024,2.21,2.51,0.34,PCR1: 40,PCR1: 40; PCR2: 40; PCR3: 35,F,NR,NR,NA,F,NA,F,F,
24EP_309c,Feather,2024,2.01,2.61,0.31,PCR1: 40,PCR1: 40; PCR2: 40; PCR3: 35,NA,NR,NR,NA,F,NA,NA,F,
EP24-1,Feather,2024,2.43,1.46,0.21,PCR1: 40,PCR1: 35; PCR2: 40,F,NR,NR,F,F,NR,F,F,
EP24-2,Feather,2024,1.79,3.14,0.17,PCR1: 40,PCR1: 35; PCR2: 40,F,NR,NR,F,F,NR,F,F,
EP24-4,Feather,2024,2.53,-2.67,0.13,PCR1: 40,PCR1: 35; PCR2: 40,M,NR,NR,M,M,NR,M,M,
EP24-9,Feather,2024,5.6,1.27,0.21,PCR1: 40,PCR1: 35; PCR2: 40,M,NR,NR,M,M,NR,M,M,
22GM4,Guano,2022,4.18,1.24,0.32,PCR1: 38; PCR2: 40,PCR1: 36; PCR2: 37,NA,NA,NR,NA,NA,NR,NA,NA,
22GM5,Guano,2022,46.02,0.61,0.25,PCR1: 38; PCR2: 40,PCR1: 36; PCR2: 37,F,F,NR,F,F,NR,F,F,
22GM6,Guano,2022,103.07,1.84,0.9,PCR1: 38; PCR2: 40,PCR1: 36; PCR2: 37,M,M,NR,M,M,NR,M,M,
22GM7,Guano,2022,2.64,1.08,0.23,PCR1: 38; PCR2: 40,PCR1: 36; PCR2: 37,NA,NA,NR,NA,F,NR,NA,F,
22GM8,Guano,2022,176.14,0.39,0.33,PCR1: 38; PCR2: 40; PCR3: 40,PCR1: 36; PCR2: 37,NA,F,M?,NA,F,NR,F,F,
22GM11,Guano,2022,11.39,0.67,0.13,PCR1: 38; PCR2: 40; PCR3: 40,PCR1: 36; PCR2: 37,NA,F,NA,NA,F,NR,F,F,
22GM17,Guano,2022,15.47,1.57,0.45,PCR1: 38; PCR2: 40,PCR1: 36; PCR2: 37,F,F,NR,F,F,NR,F,F,
22GM19,Guano,2022,2.37,1.47,0.01,PCR1: 38; PCR2: 40,PCR1: 36; PCR2: 37,NA,NA,NR,NA,F,NR,NA,F,
22GM20,Guano,2022,2.3,1.79,0.02,PCR1: 38; PCR2: 40,PCR1: 36; PCR2: 37,NA,NA,NR,NA,F,NR,NA,F,
22GM24,Guano,2022,5.01,1.3,0.36,PCR1: 38; PCR2: 40,PCR1: 36; PCR2: 37,NA,NA,NR,NA,NA,NR,NA,NA,
EP13b,Guano,2022,4.6,0.74,0.12,PCR1: 40; PCR2: 40,PCR1: 36; PCR2: 37,NA,NA,NR,NA,F,NR,NA,F,
GM27b,Guano,2022,1.69,1.24,0.58,PCR1: 40; PCR2: 40,PCR1: 36; PCR2: 37,NA,NA,NR,NA,F,NR,NA,F,
22SPOT28,Guano,2022,29.1,1.75,1.89,PCR1: 38; PCR2: 38; PCR3: 40,PCR1: 36; PCR2: 37; PCR3: 38,M,M,M,M,M,M,M,M,
CK22,Guano,2022,57.16,1.67,1.16,PCR1: 38; PCR2: 38; PCR3: 40,PCR1: 36; PCR2: 37; PCR3: 38,M,M,M,M,M,M,M,M,
22GM28,Guano,2022,48.75,1.87,1.7,PCR1: 38; PCR2: 40,PCR1: 36; PCR2: 37; PCR3: 38,M,M,NR,M,M,M,M,M,
22SPOT31,Guano,2022,1.22,1.01,0.38,PCR1: 38; PCR2: 40,PCR1: 36; PCR2: 37; PCR3: 38,NA,NA,NR,NA,F,F?,NA,F,
22SPOT32,Guano,2022,33.03,1.91,1.25,PCR1: 38; PCR2: 40,PCR1: 36; PCR2: 37; PCR3: 38,NA,F,NR,F,F,F,F,F,
BIM1,Guano,2022,29.02,1.99,1.13,PCR1: 38; PCR2: 40,PCR1: 36; PCR2: 37; PCR3: 38,M,M,NR,M,M,M,M,M,
BIM2,Guano,2022,69.31,1.67,1.18,PCR1: 38; PCR2: 40,PCR1: 38; PCR2: 36; PCR3: 37,F,F,NR,F?,F,F,F,F,
BIM3,Guano,2022,28.01,1.82,1.72,PCR1: 38; PCR2: 40,PCR1: 38; PCR2: 36; PCR3: 37,F,F,NR,F,F,F,F,F,
BIM4,Guano,2022,93.67,1.81,1.79,PCR1: 38; PCR2: 40,PCR1: 38; PCR2: 36; PCR3: 37,M,M,NR,M,M,NA,M,M,
BIM7,Guano,2022,93.66,1.76,1.37,PCR1: 38; PCR2: 40,PCR1: 38; PCR2: 36; PCR3: 37,M,M,NR,M,M,M,M,M,
BIM8,Guano,2022,127.08,1.77,1.34,PCR1: 38; PCR2: 40,PCR1: 38; PCR2: 36; PCR3: 37,M,M,NR,M,M,M,M,M,
BIM9,Guano,2022,159.01,1.85,2.11,PCR1: 38; PCR2: 40,PCR1: 38; PCR2: 36; PCR3: 37,M,M,NR,M,M,M,M,M,
BIM10,Guano,2022,22.66,1.84,1.07,PCR1: 38; PCR2: 40,PCR1: 38; PCR2: 36; PCR3: 37,F,F,NR,F,F,F,F,F,
CK1,Guano,2022,175.71,1.82,1.92,PCR1: 38; PCR2: 40,PCR1: 38; PCR2: 36; PCR3: 37,M,M,NR,M,M,M,M,M,
CK2,Guano,2022,37.88,1.81,0.92,PCR1: 38; PCR2: 40,PCR1: 38; PCR2: 36; PCR3: 37,M,M,NR,M,M,M,M,M,
CK3,Guano,2022,59.87,1.79,1.35,PCR1: 38; PCR2: 40,PCR1: 38; PCR2: 36; PCR3: 37,M,M,NR,M,M,M,M,M,
CK4,Guano,2022,116.99,1.81,1.69,PCR1: 38; PCR2: 40,PCR1: 38; PCR2: 36; PCR3: 37,M,M,NR,M,M,M,M,M,
CK5,Guano,2022,63.75,1.66,1.01,PCR1: 38; PCR2: 40,PCR1: 38; PCR2: 36; PCR3: 37,M,M,NR,M,M,M,M,M,
CK6,Guano,2022,112.07,1.82,1.73,PCR1: 38; PCR2: 40,PCR1: 38; PCR2: 36; PCR3: 37,F,F,NR,F,F,F,F,F,
CK7,Guano,2022,72.57,1.72,1.07,PCR1: 38; PCR2: 40,PCR1: 38; PCR2: 36; PCR3: 37,M,M,NR,M,M,M,M,M,
CK8,Guano,2022,44.16,1.63,0.94,PCR1: 38; PCR2: 40,PCR1: 38; PCR2: 36; PCR3: 37,F,F,NR,F,F,F,F,F,
CK9,Guano,2022,76.34,1.9,2.1,PCR1: 38; PCR2: 40,PCR1: 38; PCR2: 36; PCR3: 37,M,M,NR,M,M,M,M,M,
CK10,Guano,2022,82.22,1.9,1.98,PCR1: 38; PCR2: 40,PCR1: 38; PCR2: 36; PCR3: 37,F,F,NR,F,F,F,F,F,
CK11,Guano,2022,106.4,1.85,1.59,PCR1: 38; PCR2: 40,PCR1: 38; PCR2: 36; PCR3: 37,M,M,NR,M?,M,M,M,M,
CK12,Guano,2022,117.49,1.86,2.35,PCR1: 38; PCR2: 40,PCR1: 38; PCR2: 38; PCR3: 37,F,F,NR,F,F,F,F,F,
CK13,Guano,2022,108.17,1.79,1.37,PCR1: 38; PCR2: 40,PCR1: 38; PCR2: 38; PCR3: 37,M,M,NR,M,M,M,M,M,
CK14,Guano,2022,83.74,1.88,2.01,PCR1: 38; PCR2: 40,PCR1: 38; PCR2: 38; PCR3: 37,M,M,NR,M,M,M,M,M,
CK15,Guano,2022,114.89,1.83,2.23,PCR1: 38; PCR2: 40,PCR1: 38; PCR2: 38; PCR3: 37,M,M,NR,M,M,M,M,M,
CK16,Guano,2022,149.59,1.87,2.27,PCR1: 38; PCR2: 40,PCR1: 38; PCR2: 38; PCR3: 37,M,M,NR,M,M,M,M,M,
PDF1,Guano,2022,158.19,1.9,2.32,PCR1: 38; PCR2: 40,PCR1: 38; PCR2: 38; PCR3: 37,M,M,NR,M,M,M,M,M,
PDF2,Guano,2022,86.18,1.89,1.77,PCR1: 38; PCR2: 40,PCR1: 38; PCR2: 38; PCR3: 37,M,M,NR,M,M,M,M,M,
PDF3,Guano,2022,28.37,1.69,0.97,PCR1: 38; PCR2: 38; PCR3: 40,PCR1: 38; PCR2: 38; PCR3: 37,F,F,F,F,F,F,F,F,
PDF4,Guano,2022,124.1,1.84,2.15,PCR1: 38; PCR2: 38; PCR3: 40,PCR1: 38; PCR2: 38; PCR3: 37,M,M,M,M,M,M,M,M,
PDF5,Guano,2022,125.83,1.86,1.88,PCR1: 38; PCR2: 38; PCR3: 40,PCR1: 38; PCR2: 38; PCR3: 37,M,M,F,F,F,F,M,F,
PDF6,Guano,2022,80.91,1.73,1.2,PCR1: 38; PCR2: 38; PCR3: 40,PCR1: 38; PCR2: 38; PCR3: 37,F,F,F,F,F,F,F,F,
PDF7,Guano,2022,61.9,1.85,1.5,PCR1: 38; PCR2: 38; PCR3: 40,PCR1: 38; PCR2: 38; PCR3: 37,M,M?,F,F,F,F,M,F,
PDF8,Guano,2022,105.11,"1,85",2.21,PCR1: 38; PCR2: 38; PCR3: 40,PCR1: 38; PCR2: 38; PCR3: 37,F,F,F,F,F,F,F,F,
PDF9,Guano,2022,2.49,1.8,0.25,PCR1: 38; PCR2: 38; PCR3: 40,PCR1: 38; PCR2: 38; PCR3: 37,M,M,M,F,F,F,M,F,
PDF10,Guano,2022,48.7,1.66,1.03,PCR1: 38; PCR2: 38; PCR3: 40,PCR1: 38; PCR2: 38; PCR3: 37,F,F,F,F,F,F,F,F,
PDF11,Guano,2022,114.58,1.86,2.06,PCR1: 38; PCR2: 38; PCR3: 40,PCR1: 38; PCR2: 38; PCR3: 37,M,M,F?,F,F,F,M,F,
PDF12,Guano,2022,14.02,1.82,1,PCR1: 38; PCR2: 38; PCR3: 40,PCR1: 38; PCR2: 38; PCR3: 37,M,M,M,M,M,M,M,M,
PDF13,Guano,2022,168.19,1.86,1.07,PCR1: 38; PCR2: 38; PCR3: 40,PCR1: 38; PCR2: 38; PCR3: 37,F,F,F,F,F,F,F,F,
PDF14,Guano,2022,131.18,1.86,2.03,PCR1: 38; PCR2: 38; PCR3: 40,PCR1: 38; PCR2: 38; PCR3: 38,F,F,F,F,F,F,F,F,
PDF18,Guano,2022,144.75,1.85,2.22,PCR1: 38; PCR2: 38; PCR3: 40,PCR1: 38; PCR2: 38; PCR3: 37,M,F,F,F,F,F,M,F,
PDF19,Guano,2022,106.41,1.86,1.82,PCR1: 38; PCR2: 38; PCR3: 40,PCR1: 38; PCR2: 38; PCR3: 37,NA,NA,M,NA,NA,F,M,F,
PDF20,Guano,2022,154.86,1.86,2.16,PCR1: 38; PCR2: 38; PCR3: 40,PCR1: 38; PCR2: 38; PCR3: 37,M,M,M,M,M,M,M,M,
PDF21,Guano,2022,49.7,1.82,1.75,PCR1: 38; PCR2: 38; PCR3: 40,PCR1: 38; PCR2: 38; PCR3: 37,M,M,M,M,M,M,M,M,
PDF22,Guano,2022,122.21,1.85,2.21,PCR1: 38; PCR2: 38; PCR3: 40,PCR1: 38; PCR2: 38; PCR3: 37,M,M,M,M,M,M,M,M,
24EP_306b,Guano,2024,8.41,1.55,0.65,PCR1: 38; PCR2: 38; PCR3: 40,PCR1: 38; PCR2: 38; PCR3: 37,NA,M,M,M,M,M,M,M,
24EP_306d,Guano,2024,14.91,0.43,0.33,PCR1: 38; PCR2: 38; PCR3: 40,PCR1: 38; PCR2: 38; PCR3: 37,NA,NA,NA,F?,NA,F,NA,F,
24EP_307a,Guano,2024,6.08,1.5,0.62,PCR1: 38; PCR2: 38; PCR3: 40,PCR1: 38; PCR2: 38; PCR3: 37,M,M,M,F,F,F,M,F,
24EP_308a,Guano,2024,78.96,1.82,1.62,PCR1: 38; PCR2: 38; PCR3: 40,PCR1: 38; PCR2: 38; PCR3: 37,M,M,M,M,M,M,M,M,
24EP_308b,Guano,2024,4.38,1.11,0.42,PCR1: 38; PCR2: 38; PCR3: 40,PCR1: 38; PCR2: 38; PCR3: 37,NA,NA,NA,NA,NA,M,NA,M,
24EP_308c,Guano,2024,3.97,1.54,0.29,PCR1: 38; PCR2: 38; PCR3: 40,PCR1: 38; PCR2: 38; PCR3: 37,NA,NA,NA,NA,NA,F,NA,F,
24EP_309b,Guano,2024,180.64,1.86,2.17,PCR1: 38; PCR2: 38; PCR3: 40,PCR1: 38; PCR2: 38; PCR3: 37,F,F,F,F,F,F,F,F,
GIM01,Guano,2024,132.13,1.84,2.14,PCR1: 38; PCR2: 40; PCR3: 40,PCR1: 38; PCR2: 37,M,M,M,M,M,NR,M,M,
GIM02,Guano,2024,93.65,1.81,1.83,PCR1: 38; PCR2: 40; PCR3: 40,PCR1: 38; PCR2: 37,F,F,F,F,F,NR,F,F,
GIM03,Guano,2024,43.36,1.81,1.33,PCR1: 38; PCR2: 40; PCR3: 40,PCR1: 38; PCR2: 37,M,M,M,F,F,NR,M,F,
GIM04,Guano,2024,168.95,1.83,1.94,PCR1: 38; PCR2: 40; PCR3: 40,PCR1: 38; PCR2: 37,F?,M,M,F,F,NR,M,F,
GIM05,Guano,2024,14.27,1.79,1.3,PCR1: 38; PCR2: 40; PCR3: 40,PCR1: 38; PCR2: 37,F?,NA,M,F,F,NR,M,F,
GIM06,Guano,2024,27.84,1.59,0.95,PCR1: 38; PCR2: 40; PCR3: 38,PCR1: 38; PCR2: 38; PCR3: 37,M,M,M,F,F,F,M,F,
GIM07,Guano,2024,148.55,1.84,2.39,PCR1: 40; PCR2: 38,PCR1: 38; PCR2: 38; PCR3: 37,M,M,NR,M,M,M,M,M,
GIM08,Guano,2024,21.32,1.71,0.83,PCR1: 40; PCR2: 38,PCR1: 38; PCR2: 38; PCR3: 37,M,M,NR,M,M,M,M,M,
GIM09,Guano,2024,5.08,2.67,0.51,PCR1: 40; PCR2: 38,PCR1: 38; PCR2: 38; PCR3: 37,M,M,NR,F,F,F,M,F,
GIM10,Guano,2024,11.74,1.73,0.89,PCR1: 40; PCR2: 38,PCR1: 38; PCR2: 38; PCR3: 37,M,M,NR,F,F,F,M,F,
GIM11,Guano,2024,129.63,1.85,2.08,PCR1: 40; PCR2: 38,PCR1: 38; PCR2: 38; PCR3: 37,M,M,NR,M,M,M,M,M,
GIM12,Guano,2024,10.09,1.98,0.93,PCR1: 40; PCR2: 38,PCR1: 38; PCR2: 38; PCR3: 37,M,M,NR,F,F,F,M,F,
GIM13,Guano,2024,41.03,1.86,1.51,PCR1: 40; PCR2: 38,PCR1: 38; PCR2: 38; PCR3: 37,M,M,NR,M,M,M,M,M,
GIM14,Guano,2024,68.91,1.89,1.76,PCR1: 40; PCR2: 38,PCR1: 38; PCR2: 38; PCR3: 37,M,M,NR,M,M,M,M,M,
GIM15,Guano,2024,65.34,1.72,1.45,PCR1: 40; PCR2: 38,PCR1: 38; PCR2: 38; PCR3: 37,M,M,NR,M,M,M,M,M,
GIM16,Guano,2024,81.55,1.84,2.01,PCR1: 40; PCR2: 38,PCR1: 38; PCR2: 38; PCR3: 37,M,M,NR,M,M,M,M,M,
GIM17,Guano,2024,80.51,1.84,2.09,PCR1: 38; PCR2: 38,PCR1: 38; PCR2: 38; PCR3: 37,M,M,NR,F,F,F,M,F,
GIM18,Guano,2024,27.36,1.73,1.52,PCR1: 38; PCR2: 38,PCR1: 38; PCR2: 38; PCR3: 37,M,M,NR,F,F,F,M,F,
GIM19,Guano,2024,225.96,1.81,2.28,PCR1: 38; PCR2: 38,PCR1: 38; PCR2: 38; PCR3: 37,F,M,NR,F,F,F,M,F,
GIM20,Guano,2024,64.6,1.78,1.44,PCR1: 38; PCR2: 38,PCR1: 38; PCR2: 38; PCR3: 37,M,M,NR,M,M,M,M,M,
GIM21,Guano,2024,63.08,1.7,1.43,PCR1: 38; PCR2: 38,PCR1: 38; PCR2: 38; PCR3: 37,M,M,NR,F,F,F,M,F,
GIM23,Guano,2024,90.6,1.82,2.03,PCR1: 38; PCR2: 38,PCR1: 38; PCR2: 38; PCR3: 37,M,M,NR,F,F,F,M,F,
GIM24,Guano,2024,105.52,1.83,1.93,PCR1: 38; PCR2: 38,PCR1: 38; PCR2: 38; PCR3: 37,M,M,NR,F,F,F,M,F,
GIM25,Guano,2024,129.12,1.82,2.18,PCR1: 38; PCR2: 38,PCR1: 38; PCR2: 38,M,M,NR,F,F,NR,M,F,
GIM26,Guano,2024,73.34,1.73,1.27,PCR1: 38; PCR2: 38,PCR1: 38; PCR2: 38,F,F,NR,F,F,NR,F,F,
GIM27,Guano,2024,98.49,"1,82",1.79,PCR1: 38; PCR2: 38,PCR1: 38; PCR2: 38,M,F,NR,F,F,NR,M,F,
GIM28,Guano,2024,48.32,1.85,1.9,PCR1: 38; PCR2: 38,PCR1: 38; PCR2: 38,F,F,NR,F,F,NR,F,F,
GIM29,Guano,2024,42.71,1.86,1.92,PCR1: 38; PCR2: 38,PCR1: 38; PCR2: 38,M,M,NR,M,M,NR,M,M,
KTG01,Guano,2024,89.16,1.8,1.75,PCR1: 38; PCR2: 38,PCR1: 38; PCR2: 38,M,M,NR,F,F,NR,M,F,
KTG02,Guano,2024,107.71,1.84,2.2,PCR1: 38; PCR2: 38,PCR1: 38; PCR2: 38,M?,NA,NR,F,F,NR,NA,F,
KTG03,Guano,2024,241.61,1.81,2,PCR1: 38; PCR2: 38,PCR1: 38; PCR2: 38,F,F,NR,F,F,NR,F,F,
KTG04,Guano,2024,50.74,1.83,1.87,PCR1: 38; PCR2: 38,PCR1: 38; PCR2: 38,M?,M,NR,M,M,NR,M,M,
KTG05,Guano,2024,3.42,1.64,0.36,PCR1: 38; PCR2: 38,PCR1: 38; PCR2: 38,NA,NA,NR,F?,F,NR,NA,F,
KTG06,Guano,2024,231.81,1.84,2.23,PCR1: 38; PCR2: 38,PCR1: 38; PCR2: 38,M,M,NR,M,M,NR,M,M,
KTG07,Guano,2024,80.01,1.84,2.14,PCR1: 38; PCR2: 38,PCR1: 38; PCR2: 38,F,F,NR,F,F,NR,F,F,
KTG08,Guano,2024,104.84,1.88,2.09,PCR1: 38; PCR2: 38,PCR1: 38; PCR2: 38,M,M,NR,M,M,NR,M,M,
KTG09,Guano,2024,210.85,1.86,1.34,PCR1: 35; PCR2:38,PCR1: 38; PCR2: 38,M,M,NR,M,M,NR,M,M,
KTG10,Guano,2024,55.7,1.89,1.75,PCR1: 35; PCR2:38,PCR1: 38; PCR2: 38,M,M,NR,M,M,NR,M,M,
KTG11,Guano,2024,59.66,1.85,1.51,PCR1: 35; PCR2:38,PCR1: 38; PCR2: 38,M,M,NR,M,M,NR,M,M,
KTG12,Guano,2024,26.05,1.24,0.14,PCR1: 35; PCR2:38,PCR1: 38; PCR2: 38,M,M,NR,M,M,NR,M,M,
KTG13,Guano,2024,91.4,1.86,1.92,PCR1: 35; PCR2:38,PCR1: 38; PCR2: 38,M,M,NR,M,M,NR,M,M,
KTG14,Guano,2024,91.08,1.89,1.97,PCR1: 35; PCR2:38,PCR1: 37; PCR2: 37,M,M,NR,F,F,NR,M,F,
KTG15,Guano,2024,67.56,1.86,1.21,PCR1: 35; PCR2:38,PCR1: 37; PCR2: 37,F,F,NR,F,F,NR,F,F,
KTG16,Guano,2024,183.11,1.83,2.28,PCR1: 35; PCR2:38,PCR1: 37; PCR2: 37,F,F,NR,F,F,NR,F,F,
KTG18,Guano,2024,145.44,1.81,1.99,PCR1: 35; PCR2:38,PCR1: 37; PCR2: 37,F,F,NR,F,F,NR,F,F,
KTG20,Guano,2024,3.76,1.91,0.47,PCR1: 35; PCR2:38,PCR1: 37; PCR2: 37,NA,NA,NR,NA,F,NR,NA,F,
KTG21,Guano,2024,145.66,1.81,2.12,PCR1: 35; PCR2:38,PCR1: 37; PCR2: 37,F,F,NR,F,F,NR,F,F,
KTG22,Guano,2024,68.19,1.77,1.08,PCR1: 35; PCR2:38,PCR1: 37; PCR2: 37,M,M,NR,M,M,NR,M,M,
KTG23,Guano,2024,3.58,1.21,0.37,PCR1: 35; PCR2:38,PCR1: 37; PCR2: 37,NA,NA,NR,NA,NA,NR,NA,NA,
KTG24,Guano,2024,137.18,1.84,2.08,PCR1: 35; PCR2:38,PCR1: 37; PCR2: 37,M,M,NR,M,M,NR,M,M,
KTG25,Guano,2024,6.09,1.35,0.38,PCR1: 35; PCR2:38,PCR1: 37; PCR2: 37,NA,NA,NR,NA,F,NR,NA,F,
KTG26,Guano,2024,9.63,1.35,0.32,PCR1: 35; PCR2:38,PCR1: 37; PCR2: 37,NA,M,NR,F,F,NR,M,F,
KTG27,Guano,2024,91.5,1.82,1.6,PCR1: 35; PCR2:38,PCR1: 37; PCR2: 37,M,M,NR,F,F,NR,M,F,
KTG28,Guano,2024,95.31,1.83,2.19,PCR1: 35; PCR2:38,PCR1: 37; PCR2: 37,M,M,NR,M,M,NR,M,M,
KTG29,Guano,2024,92.71,1.83,2.03,PCR1: 35; PCR2:38,PCR1: 37; PCR2: 37,F,F,NR,F,F,NR,F,F,
KTG30,Guano,2024,157.98,1.75,1.61,PCR1: 35; PCR2:38,PCR1: 37; PCR2: 37,M,M,NR,M,M,NR,M,M,
KTG31,Guano,2024,7.15,1.67,0.68,PCR1: 38,PCR1: 37; PCR2: 37,NA,NR,NR,M,M,NR,NA,M,
KTG32,Guano,2024,161.31,1.85,2.12,PCR1: 38,PCR1: 37; PCR2: 37,F,NR,NR,F,F,NR,F,F,
KTG33,Guano,2024,10.63,1.39,0.55,PCR1: 38,PCR1: 37; PCR2: 37,NA,NR,NR,F,F,NR,NA,F,
MT01,Guano,2024,102.2,1.87,2.24,PCR1: 38; PCR2: 38,PCR1: 38,M,M,NR,M,NR,NR,M,M,
MT02,Guano,2024,94.83,1.83,2.23,PCR1: 38; PCR2: 38,PCR1: 38,M,M,NR,M,NR,NR,M,M,
MT03,Guano,2024,86.73,1.79,1.65,PCR1: 38; PCR2: 38,PCR1: 38,F,F,NR,F,NR,NR,F,F,
MT04,Guano,2024,139.92,1.76,1.73,PCR1: 38; PCR2: 38,PCR1: 38,M,M,NR,M,NR,NR,M,M,
MT05,Guano,2024,86.71,1.85,1.25,PCR1: 38; PCR2: 38,PCR1: 38,M,M,NR,M,NR,NR,M,M,
MT06,Guano,2024,142.78,1.82,2.32,PCR1: 38; PCR2: 38,PCR1: 38,F,F,NR,F,NR,NR,F,F,
MT08,Guano,2024,40.45,1.73,1.48,PCR1: 38; PCR2: 38,PCR1: 38,M,M,NR,M,NR,NR,M,M,
MT09,Guano,2024,60.66,1.75,0.98,PCR1: 38; PCR2: 38,PCR1: 38,M,M,NR,M,NR,NR,M,M,
MT10,Guano,2024,44.55,1.88,1.73,PCR1: 38; PCR2: 38,PCR1: 38,M,M,NR,M,NR,NR,M,M,
MT11,Guano,2024,168.35,1.86,2.22,PCR1: 38; PCR2: 38,PCR1: 38,M,M,NR,M,NR,NR,M,M,
MT12,Guano,2024,10.35,1.51,0.61,PCR1: 38; PCR2: 38,PCR1: 38,NA,M,NR,M,NR,NR,M,M,
MT13,Guano,2024,73.45,1.79,1.89,PCR1: 38; PCR2: 38,PCR1: 38,M,M,NR,M,NR,NR,M,M,
MT14,Guano,2024,182.81,1.85,2.16,PCR1: 38; PCR2: 38,PCR1: 38,M,M,NR,M,NR,NR,M,M,
MT15,Guano,2024,228.88,1.84,2.39,PCR1: 38; PCR2: 38,PCR1: 38,M,M,NR,M,NR,NR,M,M,
MT16,Guano,2024,77.14,1.78,1.92,PCR1: 38; PCR2: 38,PCR1: 38,M,M,NR,M,NR,NR,M,M,
SFC02,Guano,2024,100.49,1.79,2.08,PCR1: 38; PCR2: 38,PCR1: 38,F,F,NR,F,NR,NR,F,F,
SFC03,Guano,2024,82.99,1.78,1.74,PCR1: 38; PCR2: 38,PCR1: 38,M,M,NR,M,NR,NR,M,M,
SFC04,Guano,2024,209.17,1.78,1.72,PCR1: 38; PCR2: 38,PCR1: 38,M,M,NR,M,NR,NR,M,M,
SFC05,Guano,2024,192.84,1.74,1.68,PCR1: 38,PCR1: 37; PCR2: 37,M,NR,NR,M,M,NR,M,M,
SFC06,Guano,2024,12.14,1.45,0.64,PCR1: 38,PCR1: 37; PCR2: 37,M,NR,NR,M,M,NR,M,M,
SFC07,Guano,2024,60.94,1.79,1.69,PCR1: 38,PCR1: 37; PCR2: 37,M,NR,NR,M,M,NR,M,M,
SFC08,Guano,2024,216.66,1.83,2.06,PCR1: 38,PCR1: 37; PCR2: 37,M,NR,NR,M,M,NR,M,M,
SFC09,Guano,2024,132.81,1.85,1.94,PCR1: 38,PCR1: 37; PCR2: 37,M,NR,NR,M,M,NR,M,M,
SFC10,Guano,2024,35.28,1.8,1.33,PCR1: 38,PCR1: 37; PCR2: 37,M,NR,NR,M,M,NR,M,M,
SFC11,Guano,2024,205.26,1.84,2.07,PCR1: 38,PCR1: 37; PCR2: 37,M,NR,NR,M,M,NR,M,M,
SFC12,Guano,2024,87.08,1.76,1.76,PCR1: 38,PCR1: 37; PCR2: 37,F,NR,NR,F,F,NR,F,F,
SFC13,Guano,2024,109.84,1.77,1.36,PCR1: 38,PCR1: 37; PCR2: 37,F,NR,NR,F,F,NR,F,F,
SFC14,Guano,2024,224.71,1.78,2,PCR1: 38,PCR1: 37; PCR2: 37,F,NR,NR,F,F,NR,F,F,
SFC15,Guano,2024,30.79,1.71,0.95,PCR1: 38,PCR1: 37; PCR2: 37,M,NR,NR,M,M,NR,M,M,
SFC16,Guano,2024,112.64,1.72,1.4,PCR1: 38,PCR1: 37; PCR2: 37,M,NR,NR,M?,M,NR,M,M,
SFC17,Guano,2024,62.35,1.79,1.92,PCR1: 38,PCR1: 37; PCR2: 37,F,NR,NR,F,F,NR,F,F,
SFC18,Guano,2024,126.81,1.86,1.61,PCR1: 38,PCR1: 37; PCR2: 37,M,NR,NR,M,M,NR,M,M,
SFC19,Guano,2024,114.61,1.91,2.06,PCR1: 38,PCR1: 37; PCR2: 37,M,NR,NR,M,M,NR,M,M,
SFC20,Guano,2024,137.32,1.82,2.18,PCR1: 38,PCR1: 37; PCR2: 37,F,NR,NR,F,F,NR,F,F,
SFC21,Guano,2024,145.35,1.84,1.79,PCR1: 38,PCR1: 37; PCR2: 37,M,NR,NR,M,M,NR,M,M,
SFC22,Guano,2024,162.54,1.8,1.73,PCR1: 38,PCR1: 37; PCR2: 37,M,NR,NR,M,M,NR,M,M,
SFC23,Guano,2024,58.29,1.62,0.99,PCR1: 38,PCR1: 37,NA,NR,NR,NA,NR,NR,NA,NA,
SFC24,Guano,2024,46.74,1.74,1.35,PCR1: 38,PCR1: 37,F,NR,NR,F,NR,NR,F,F,
SFC25,Guano,2024,116.59,1.8,1.52,PCR1: 38,PCR1: 37,M,NR,NR,M,NR,NR,M,M,
SFC26,Guano,2024,134.73,1.81,1.86,PCR1: 38,PCR1: 37,F,NR,NR,F,NR,NR,F,F,
SFC27,Guano,2024,138.75,1.82,1.83,PCR1: 38,PCR1: 37,F,NR,NR,F,NR,NR,F,F,
SFC28,Guano,2024,178.57,1.8,2.32,PCR1: 38,PCR1: 37,F,NR,NR,F,NR,NR,F,F,
SFC29,Guano,2024,149.98,1.84,2.07,PCR1: 38,PCR1: 37,F,NR,NR,F,NR,NR,F,F,
